Company,Units_sold,Commission
men,19.96411773,3992.823546
men,9.979072829,1995.814566
men,10.05034162,769.7702313
men,29.98327168,900.0340897
men,12.60656007,1165.54067
men,93.06606678,12701.68762
men,5.021423048,967.1334419
men,4.969346727,4969.346727
men,60.30910531,39429.39498
men,4.974125706,746.1188559
men,39.91258278,1995.629139
men,7.532300655,763.4833382
men,2.516181865,403.8633658
men,163.6656048,7886.066977
men,2.523181114,1261.590557
